Phường,Cống Vị,Quận Ba Đình
Phường,Điện Biên,Quận Ba Đình
Phường,Đội Cấn,Quận Ba Đình
Phường,Giảng Võ,Quận Ba Đình
Phường,Kim Mã,Quận Ba Đình
Phường,Liễu Giai,Quận Ba Đình
Phường,Ngọc Hà,Quận Ba Đình
Phường,Ngọc Khánh,Quận Ba Đình
Phường,Nguyễn Trung Trực,Quận Ba Đình
Phường,Phúc Xá,Quận Ba Đình
Phường,Quán Thánh,Quận Ba Đình
Phường,Thành Công,Quận Ba Đình
Phường,Trúc Bạch,Quận Ba Đình
Phường,Vĩnh Phúc,Quận Ba Đình
Thị trấn,Tây Đằng,Huyện Ba Vì
Xã,Ba Trại,Huyện Ba Vì
Xã,Ba Vì,Huyện Ba Vì
Xã,Cẩm Lĩnh,Huyện Ba Vì
Xã,Cam Thượng,Huyện Ba Vì
Xã,Châu Sơn,Huyện Ba Vì
Xã,Chu Minh,Huyện Ba Vì
Xã,Cổ Đô,Huyện Ba Vì
Xã,Đông Quang,Huyện Ba Vì
Xã,Đồng Thái,Huyện Ba Vì
Xã,Khánh Thượng,Huyện Ba Vì
Xã,Minh Châu,Huyện Ba Vì
Xã,Minh Quang,Huyện Ba Vì
Xã,Phong Vân,Huyện Ba Vì
Xã,Phú Châu,Huyện Ba Vì
Xã,Phú Cường,Huyện Ba Vì
Xã,Phú Đông,Huyện Ba Vì
Xã,Phú Phương,Huyện Ba Vì
Xã,Phú Sơn,Huyện Ba Vì
Xã,Sơn Đà,Huyện Ba Vì
Xã,Tản Hồng,Huyện Ba Vì
Xã,Tản Lĩnh,Huyện Ba Vì
Xã,Thái Hòa,Huyện Ba Vì
Xã,Thuần Mỹ,Huyện Ba Vì
Xã,Thuỵ An,Huyện Ba Vì
Xã,Tiên Phong,Huyện Ba Vì
Xã,Tòng Bạt,Huyện Ba Vì
Xã,Vân Hòa,Huyện Ba Vì
Xã,Vạn Thắng,Huyện Ba Vì
Xã,Vật Lại,Huyện Ba Vì
Xã,Yên Bài,Huyện Ba Vì
Phường,Cổ Nhuế 1,Quận Bắc Từ Liêm
Phường,Cổ Nhuế 2,Quận Bắc Từ Liêm
Phường,Đông Ngạc,Quận Bắc Từ Liêm
Phường,Đức Thắng,Quận Bắc Từ Liêm
Phường,Liên Mạc,Quận Bắc Từ Liêm
Phường,Minh Khai,Quận Bắc Từ Liêm
Phường,Phú Diễn,Quận Bắc Từ Liêm
Phường,Phúc Diễn,Quận Bắc Từ Liêm
Phường,Tây Tựu,Quận Bắc Từ Liêm
Phường,Thượng Cát,Quận Bắc Từ Liêm
Phường,Thuỵ Phương,Quận Bắc Từ Liêm
Phường,Xuân Đỉnh,Quận Bắc Từ Liêm
Phường,Xuân Tảo,Quận Bắc Từ Liêm
Phường,Dịch Vọng,Quận Cầu Giấy
Phường,Dịch Vọng Hậu,Quận Cầu Giấy
Phường,Mai Dịch,Quận Cầu Giấy
Phường,Nghĩa Đô,Quận Cầu Giấy
Phường,Nghĩa Tân,Quận Cầu Giấy
Phường,Quan Hoa,Quận Cầu Giấy
Phường,Trung Hoà,Quận Cầu Giấy
Phường,Yên Hoà,Quận Cầu Giấy
Thị trấn,Chúc Sơn,Huyện Chương Mỹ
Thị trấn,Xuân Mai,Huyện Chương Mỹ
Xã,Đại Yên,Huyện Chương Mỹ
Xã,Đông Phương Yên,Huyện Chương Mỹ
Xã,Đông Sơn,Huyện Chương Mỹ
Xã,Đồng Lạc,Huyện Chương Mỹ
Xã,Đồng Phú,Huyện Chương Mỹ
Xã,Hoà Chính,Huyện Chương Mỹ
Xã,Hoàng Diệu,Huyện Chương Mỹ
Xã,Hoàng Văn Thụ,Huyện Chương Mỹ
Xã,Hồng Phong,Huyện Chương Mỹ
Xã,Hợp Đồng,Huyện Chương Mỹ
Xã,Hữu Văn,Huyện Chương Mỹ
Xã,Lam Điền,Huyện Chương Mỹ
Xã,Mỹ Lương,Huyện Chương Mỹ
Xã,Nam Phương Tiến,Huyện Chương Mỹ
Xã,Ngọc Hoà,Huyện Chương Mỹ
Xã,Phú Nam An,Huyện Chương Mỹ
Xã,Phú Nghĩa,Huyện Chương Mỹ
Xã,Phụng Châu,Huyện Chương Mỹ
Xã,Quảng Bị,Huyện Chương Mỹ
Xã,Tân Tiến,Huyện Chương Mỹ
Xã,Thanh Bình,Huyện Chương Mỹ
Xã,Thuỵ Hương,Huyện Chương Mỹ
Xã,Thuỷ Xuân Tiên,Huyện Chương Mỹ
Xã,Thượng Vực,Huyện Chương Mỹ
Xã,Tiên Phương,Huyện Chương Mỹ
Xã,Tốt Động,Huyện Chương Mỹ
Xã,Trần Phú,Huyện Chương Mỹ
Xã,Trung Hoà,Huyện Chương Mỹ
Xã,Trường Yên,Huyện Chương Mỹ
Xã,Văn Võ,Huyện Chương Mỹ
Thị trấn,Phùng,Huyện Đan Phượng
Xã,Đan Phượng,Huyện Đan Phượng
Xã,Đồng Tháp,Huyện Đan Phượng
Xã,Hạ Mỗ,Huyện Đan Phượng
Xã,Hồng Hà,Huyện Đan Phượng
Xã,Liên Hà,Huyện Đan Phượng
Xã,Liên Hồng,Huyện Đan Phượng
Xã,Liên Trung,Huyện Đan Phượng
Xã,Phương Đình,Huyện Đan Phượng
Xã,Song Phượng,Huyện Đan Phượng
Xã,Tân Hội,Huyện Đan Phượng
Xã,Tân Lập,Huyện Đan Phượng
Xã,Thọ An,Huyện Đan Phượng
Xã,Thọ Xuân,Huyện Đan Phượng
Xã,Thượng Mỗ,Huyện Đan Phượng
Xã,Trung Châu,Huyện Đan Phượng
Thị trấn,Đông Anh,Huyện Đông Anh
Xã,Bắc Hồng,Huyện Đông Anh
Xã,Cổ Loa,Huyện Đông Anh
Xã,Đại Mạch,Huyện Đông Anh
Xã,Đông Hội,Huyện Đông Anh
Xã,Dục Tú,Huyện Đông Anh
Xã,Hải Bối,Huyện Đông Anh
Xã,Kim Chung,Huyện Đông Anh
Xã,Kim Nỗ,Huyện Đông Anh
Xã,Liên Hà,Huyện Đông Anh
Xã,Mai Lâm,Huyện Đông Anh
Xã,Nam Hồng,Huyện Đông Anh
Xã,Nguyên Khê,Huyện Đông Anh
Xã,Tầm Xá,Huyện Đông Anh
Xã,Thuỵ Lâm,Huyện Đông Anh
Xã,Tiên Dương,Huyện Đông Anh
Xã,Uy Nỗ,Huyện Đông Anh
Xã,Vân Hà,Huyện Đông Anh
Xã,Vân Nội,Huyện Đông Anh
Xã,Việt Hùng,Huyện Đông Anh
Xã,Vĩnh Ngọc,Huyện Đông Anh
Xã,Võng La,Huyện Đông Anh
Xã,Xuân Canh,Huyện Đông Anh
Xã,Xuân Nộn,Huyện Đông Anh
Phường,Cát Linh,Quận Đống Đa
Phường,Hàng Bột,Quận Đống Đa
Phường,Khâm Thiên,Quận Đống Đa
Phường,Khương Thượng,Quận Đống Đa
Phường,Kim Liên,Quận Đống Đa
Phường,Láng Hạ,Quận Đống Đa
Phường,Láng Thượng,Quận Đống Đa
Phường,Nam Đồng,Quận Đống Đa
Phường,Ngã Tư Sở,Quận Đống Đa
Phường,Ô Chợ Dừa,Quận Đống Đa
Phường,Phương Liên,Quận Đống Đa
Phường,Phương Mai,Quận Đống Đa
Phường,Quang Trung,Quận Đống Đa
Phường,Quốc Tử Giám,Quận Đống Đa
Phường,Thịnh Quang,Quận Đống Đa
Phường,Thổ Quan,Quận Đống Đa
Phường,Trung Liệt,Quận Đống Đa
Phường,Trung Phụng,Quận Đống Đa
Phường,Trung Tự,Quận Đống Đa
Phường,Văn Chương,Quận Đống Đa
Phường,Văn Miếu,Quận Đống Đa
Thị trấn,Trâu Quỳ,Huyện Gia Lâm
Thị trấn,Yên Viên,Huyện Gia Lâm
Xã,Bát Tràng,Huyện Gia Lâm
Xã,Cổ Bi,Huyện Gia Lâm
Xã,Đa Tốn,Huyện Gia Lâm
Xã,Đặng Xá,Huyện Gia Lâm
Xã,Đình Xuyên,Huyện Gia Lâm
Xã,Đông Dư,Huyện Gia Lâm
Xã,Dương Hà,Huyện Gia Lâm
Xã,Dương Quang,Huyện Gia Lâm
Xã,Dương Xá,Huyện Gia Lâm
Xã,Kiêu Kỵ,Huyện Gia Lâm
Xã,Kim Lan,Huyện Gia Lâm
Xã,Kim Sơn,Huyện Gia Lâm
Xã,Lệ Chi,Huyện Gia Lâm
Xã,Ninh Hiệp,Huyện Gia Lâm
Xã,Phù Đổng,Huyện Gia Lâm
Xã,Phú Thị,Huyện Gia Lâm
Xã,Trung Mầu,Huyện Gia Lâm
Xã,Văn Đức,Huyện Gia Lâm
Xã,Yên Thường,Huyện Gia Lâm
Xã,Yên Viên,Huyện Gia Lâm
Phường,Biên Giang,Quận Hà Đông
Phường,Dương Nội,Quận Hà Đông
Phường,Đồng Mai,Quận Hà Đông
Phường,Hà Cầu,Quận Hà Đông
Phường,Kiến Hưng,Quận Hà Đông
Phường,La Khê,Quận Hà Đông
Phường,Mỗ Lao,Quận Hà Đông
Phường,Nguyễn Trãi,Quận Hà Đông
Phường,Phú La,Quận Hà Đông
Phường,Phú Lãm,Quận Hà Đông
Phường,Phú Lương,Quận Hà Đông
Phường,Phúc La,Quận Hà Đông
Phường,Quang Trung,Quận Hà Đông
Phường,Văn Quán,Quận Hà Đông
Phường,Vạn Phúc,Quận Hà Đông
Phường,Yên Nghĩa,Quận Hà Đông
Phường,Yết Kiêu,Quận Hà Đông
Phường,Bạch Đằng,Quận Hai Bà Trưng
Phường,Bách Khoa,Quận Hai Bà Trưng
Phường,Bạch Mai,Quận Hai Bà Trưng
Phường,Bùi Thị Xuân,Quận Hai Bà Trưng
Phường,Cầu Dền,Quận Hai Bà Trưng
Phường,Đống Mác,Quận Hai Bà Trưng
Phường,Đồng Nhân,Quận Hai Bà Trưng
Phường,Đồng Tâm,Quận Hai Bà Trưng
Phường,Lê Đại Hành,Quận Hai Bà Trưng
Phường,Minh Khai,Quận Hai Bà Trưng
Phường,Ngô Thì Nhậm,Quận Hai Bà Trưng
Phường,Nguyễn Du,Quận Hai Bà Trưng
Phường,Phạm Đình Hổ,Quận Hai Bà Trưng
Phường,Phố Huế,Quận Hai Bà Trưng
Phường,Quỳnh Lôi,Quận Hai Bà Trưng
Phường,Quỳnh Mai,Quận Hai Bà Trưng
Phường,Thanh Lương,Quận Hai Bà Trưng
Phường,Thanh Nhàn,Quận Hai Bà Trưng
Phường,Trương Định,Quận Hai Bà Trưng
Phường,Vĩnh Tuy,Quận Hai Bà Trưng
Thị trấn,Trạm Trôi,Huyện Hoài Đức
Xã,An Khánh,Huyện Hoài Đức
Xã,An Thượng,Huyện Hoài Đức
Xã,Cát Quế,Huyện Hoài Đức
Xã,Di Trạch,Huyện Hoài Đức
Xã,Dương Liễu,Huyện Hoài Đức
Xã,Đắc Sở,Huyện Hoài Đức
Xã,Đông La,Huyện Hoài Đức
Xã,Đức Giang,Huyện Hoài Đức
Xã,Đức Thượng,Huyện Hoài Đức
Xã,Kim Chung,Huyện Hoài Đức
Xã,La Phù,Huyện Hoài Đức
Xã,Lại Yên,Huyện Hoài Đức
Xã,Minh Khai,Huyện Hoài Đức
Xã,Song Phương,Huyện Hoài Đức
Xã,Sơn Đồng,Huyện Hoài Đức
Xã,Tiền Yên,Huyện Hoài Đức
Xã,Vân Canh,Huyện Hoài Đức
Xã,Vân Côn,Huyện Hoài Đức
Xã,Yên Sở,Huyện Hoài Đức
Phường,Chương Dương Độ,Quận Hoàn Kiếm
Phường,Cửa Đông,Quận Hoàn Kiếm
Phường,Cửa Nam,Quận Hoàn Kiếm
Phường,Đồng Xuân,Quận Hoàn Kiếm
Phường,Hàng Bạc,Quận Hoàn Kiếm
Phường,Hàng Bài,Quận Hoàn Kiếm
Phường,Hàng Bồ,Quận Hoàn Kiếm
Phường,Hàng Bông,Quận Hoàn Kiếm
Phường,Hàng Buồm,Quận Hoàn Kiếm
Phường,Hàng Đào,Quận Hoàn Kiếm
Phường,Hàng Gai,Quận Hoàn Kiếm
Phường,Hàng Mã,Quận Hoàn Kiếm
Phường,Hàng Trống,Quận Hoàn Kiếm
Phường,Lý Thái Tổ,Quận Hoàn Kiếm
Phường,Phan Chu Trinh,Quận Hoàn Kiếm
Phường,Phúc Tân,Quận Hoàn Kiếm
Phường,Trần Hưng Đạo,Quận Hoàn Kiếm
Phường,Tràng Tiền,Quận Hoàn Kiếm
Phường,Đại Kim,Quận Hoàng Mai
Phường,Định Công,Quận Hoàng Mai
Phường,Giáp Bát,Quận Hoàng Mai
Phường,Hoàng Liệt,Quận Hoàng Mai
Phường,Hoàng Văn Thụ,Quận Hoàng Mai
Phường,Lĩnh Nam,Quận Hoàng Mai
Phường,Mai Động,Quận Hoàng Mai
Phường,Tân Mai,Quận Hoàng Mai
Phường,Thanh Trì,Quận Hoàng Mai
Phường,Thịnh Liệt,Quận Hoàng Mai
Phường,Trần Phú,Quận Hoàng Mai
Phường,Tương Mai,Quận Hoàng Mai
Phường,Vĩnh Hưng,Quận Hoàng Mai
Phường,Yên Sở,Quận Hoàng Mai
Phường,Bồ Đề,Quận Long Biên
Phường,Cự Khối,Quận Long Biên
Phường,Đức Giang,Quận Long Biên
Phường,Gia Thuỵ,Quận Long Biên
Phường,Giang Biên,Quận Long Biên
Phường,Long Biên,Quận Long Biên
Phường,Ngọc Thuỵ,Quận Long Biên
Phường,Phúc Đồng,Quận Long Biên
Phường,Phúc Lợi,Quận Long Biên
Phường,Sài Đồng,Quận Long Biên
Phường,Thạch Bàn,Quận Long Biên
Phường,Thượng Thanh,Quận Long Biên
Phường,Việt Hưng,Quận Long Biên
Thị trấn,Quang Minh,Huyện Mê Linh
Thị trấn,Chi Đông,Huyện Mê Linh
Xã,Chu Phan,Huyện Mê Linh
Xã,Đại Thịnh,Huyện Mê Linh
Xã,Hoàng Kim,Huyện Mê Linh
Xã,Kim Hoa,Huyện Mê Linh
Xã,Liên Mạc,Huyện Mê Linh
Xã,Mê Linh,Huyện Mê Linh
Xã,Tam Đồng,Huyện Mê Linh
Xã,Thạch Đà,Huyện Mê Linh
Xã,Thanh Lâm,Huyện Mê Linh
Xã,Tiền Phong,Huyện Mê Linh
Xã,Tiến Thắng,Huyện Mê Linh
Xã,Tiến Thịnh,Huyện Mê Linh
Xã,Tráng Việt,Huyện Mê Linh
Xã,Tự Lập,Huyện Mê Linh
Xã,Văn Khê,Huyện Mê Linh
Xã,Vạn Yên,Huyện Mê Linh
Thị trấn,Đại Nghĩa,Huyện Mỹ Đức
Xã,An Mỹ,Huyện Mỹ Đức
Xã,An Phú,Huyện Mỹ Đức
Xã,An Tiến,Huyện Mỹ Đức
Xã,Bột Xuyên,Huyện Mỹ Đức
Xã,Đại Hưng,Huyện Mỹ Đức
Xã,Đốc Tín,Huyện Mỹ Đức
Xã,Đồng Tâm,Huyện Mỹ Đức
Xã,Hồng Sơn,Huyện Mỹ Đức
Xã,Hợp Thanh,Huyện Mỹ Đức
Xã,Hợp Tiến,Huyện Mỹ Đức
Xã,Hùng Tiến,Huyện Mỹ Đức
Xã,Hương Sơn,Huyện Mỹ Đức
Xã,Lê Thanh,Huyện Mỹ Đức
Xã,Mỹ Thành,Huyện Mỹ Đức
Xã,Phù Lưu Tế,Huyện Mỹ Đức
Xã,Phúc Lâm,Huyện Mỹ Đức
Xã,Phùng Xá,Huyện Mỹ Đức
Xã,Thượng Lâm,Huyện Mỹ Đức
Xã,Tuy Lai,Huyện Mỹ Đức
Xã,Vạn Kim,Huyện Mỹ Đức
Xã,Xuy Xá,Huyện Mỹ Đức
Phường,Cầu Diễn,Quận Nam Từ Liêm
Phường,Đại Mỗ,Quận Nam Từ Liêm
Phường,Mễ Trì,Quận Nam Từ Liêm
Phường,Mỹ Đình 1,Quận Nam Từ Liêm
Phường,Mỹ Đình 2,Quận Nam Từ Liêm
Phường,Phú Đô,Quận Nam Từ Liêm
Phường,Phương Canh,Quận Nam Từ Liêm
Phường,Tây Mỗ,Quận Nam Từ Liêm
Phường,Trung Văn,Quận Nam Từ Liêm
Phường,Xuân Phương,Quận Nam Từ Liêm
Thị trấn,Phú Xuyên,Huyện Phú Xuyên
Thị trấn,Phú Minh,Huyện Phú Xuyên
Xã,Bạch Hạ,Huyện Phú Xuyên
Xã,Châu Can,Huyện Phú Xuyên
Xã,Chuyên Mỹ,Huyện Phú Xuyên
Xã,Đại Thắng,Huyện Phú Xuyên
Xã,Đại Xuyên,Huyện Phú Xuyên
Xã,Hoàng Long,Huyện Phú Xuyên
Xã,Hồng Minh,Huyện Phú Xuyên
Xã,Hồng Thái,Huyện Phú Xuyên
Xã,Khai Thái,Huyện Phú Xuyên
Xã,Minh Tân,Huyện Phú Xuyên
Xã,Nam Phong,Huyện Phú Xuyên
Xã,Nam Triều,Huyện Phú Xuyên
Xã,Phú Túc,Huyện Phú Xuyên
Xã,Phú Yên,Huyện Phú Xuyên
Xã,Phúc Tiến,Huyện Phú Xuyên
Xã,Phượng Dực,Huyện Phú Xuyên
Xã,Quang Lãng,Huyện Phú Xuyên
Xã,Quang Trung,Huyện Phú Xuyên
Xã,Sơn Hà,Huyện Phú Xuyên
Xã,Tân Dân,Huyện Phú Xuyên
Xã,Thuỵ Phú,Huyện Phú Xuyên
Xã,Tri Thuỷ,Huyện Phú Xuyên
Xã,Tri Trung,Huyện Phú Xuyên
Xã,Văn Hoàng,Huyện Phú Xuyên
Xã,Văn Nhân,Huyện Phú Xuyên
Xã,Vân Từ,Huyện Phú Xuyên
Thị trấn,Phúc Thọ,Huyện Phúc Thọ
Xã,Cẩm Đình,Huyện Phúc Thọ
Xã,Hát Môn,Huyện Phúc Thọ
Xã,Hiệp Thuận,Huyện Phúc Thọ
Xã,Liên Hiệp,Huyện Phúc Thọ
Xã,Long Xuyên,Huyện Phúc Thọ
Xã,Ngọc Tảo,Huyện Phúc Thọ
Xã,Phúc Hoà,Huyện Phúc Thọ
Xã,Phụng Thượng,Huyện Phúc Thọ
Xã,Phương Độ,Huyện Phúc Thọ
Xã,Sen Chiểu,Huyện Phúc Thọ
Xã,Tam Hiệp,Huyện Phúc Thọ
Xã,Tam Thuấn,Huyện Phúc Thọ
Xã,Thanh Đa,Huyện Phúc Thọ
Xã,Thọ Lộc,Huyện Phúc Thọ
Xã,Thượng Cốc,Huyện Phúc Thọ
Xã,Tích Giang,Huyện Phúc Thọ
Xã,Trạch Mỹ Lộc,Huyện Phúc Thọ
Xã,Vân Hà,Huyện Phúc Thọ
Xã,Vân Nam,Huyện Phúc Thọ
Xã,Vân Phúc,Huyện Phúc Thọ
Xã,Võng Xuyên,Huyện Phúc Thọ
Xã,Xuân Phú,Huyện Phúc Thọ
Thị trấn,Quốc Oai,Huyện Quốc Oai
Xã,Cấn Hữu,Huyện Quốc Oai
Xã,Cộng Hoà,Huyện Quốc Oai
Xã,Đại Thành,Huyện Quốc Oai
Xã,Đồng Quang,Huyện Quốc Oai
Xã,Đông Xuân,Huyện Quốc Oai
Xã,Đông Yên,Huyện Quốc Oai
Xã,Hoà Thạch,Huyện Quốc Oai
Xã,Liệp Tuyết,Huyện Quốc Oai
Xã,Nghĩa Hương,Huyện Quốc Oai
Xã,Ngọc Liệp,Huyện Quốc Oai
Xã,Ngọc Mỹ,Huyện Quốc Oai
Xã,Phú Cát,Huyện Quốc Oai
Xã,Phú Mãn,Huyện Quốc Oai
Xã,Phượng Cách,Huyện Quốc Oai
Xã,Sài Sơn,Huyện Quốc Oai
Xã,Tân Hoà,Huyện Quốc Oai
Xã,Tân Phú,Huyện Quốc Oai
Xã,Thạch Thán,Huyện Quốc Oai
Xã,Tuyết Nghĩa,Huyện Quốc Oai
Xã,Yên Sơn,Huyện Quốc Oai
Thị trấn,Sóc Sơn,Huyện Sóc Sơn
Xã,Bắc Phú,Huyện Sóc Sơn
Xã,Bắc Sơn,Huyện Sóc Sơn
Xã,Đông Xuân,Huyện Sóc Sơn
Xã,Đức Hòa,Huyện Sóc Sơn
Xã,Hiền Ninh,Huyện Sóc Sơn
Xã,Hồng Kỳ,Huyện Sóc Sơn
Xã,Kim Lũ,Huyện Sóc Sơn
Xã,Mai Đình,Huyện Sóc Sơn
Xã,Minh Phú,Huyện Sóc Sơn
Xã,Minh Trí,Huyện Sóc Sơn
Xã,Nam Sơn,Huyện Sóc Sơn
Xã,Phú Cường,Huyện Sóc Sơn
Xã,Phù Linh,Huyện Sóc Sơn
Xã,Phù Lỗ,Huyện Sóc Sơn
Xã,Phú Minh,Huyện Sóc Sơn
Xã,Quang Tiến,Huyện Sóc Sơn
Xã,Tân Dân,Huyện Sóc Sơn
Xã,Tân Hưng,Huyện Sóc Sơn
Xã,Tân Minh,Huyện Sóc Sơn
Xã,Thanh Xuân,Huyện Sóc Sơn
Xã,Tiên Dược,Huyện Sóc Sơn
Xã,Trung Giã,Huyện Sóc Sơn
Xã,Việt Long,Huyện Sóc Sơn
Xã,Xuân Giang,Huyện Sóc Sơn
Xã,Xuân Thu,Huyện Sóc Sơn
Phường,Lê Lợi,Thị xã Sơn Tây
Phường,Ngô Quyền,Thị xã Sơn Tây
Phường,Phú Thịnh,Thị xã Sơn Tây
Phường,Quang Trung,Thị xã Sơn Tây
Phường,Sơn Lộc,Thị xã Sơn Tây
Phường,Trung Hưng,Thị xã Sơn Tây
Phường,Trung Sơn Trầm,Thị xã Sơn Tây
Phường,Viên Sơn,Thị xã Sơn Tây
Phường,Xuân Khanh,Thị xã Sơn Tây
Xã,Cổ Đông,Thị xã Sơn Tây
Xã,Đường Lâm,Thị xã Sơn Tây
Xã,Kim Sơn,Thị xã Sơn Tây
Xã,Sơn Đông,Thị xã Sơn Tây
Xã,Thanh Mỹ,Thị xã Sơn Tây
Xã,Xuân Sơn,Thị xã Sơn Tây
Phường,Bưởi,Quận Tây Hồ
Phường,Nhật Tân,Quận Tây Hồ
Phường,Phú Thượng,Quận Tây Hồ
Phường,Quảng An,Quận Tây Hồ
Phường,Thuỵ Khuê,Quận Tây Hồ
Phường,Tứ Liên,Quận Tây Hồ
Phường,Xuân La,Quận Tây Hồ
Phường,Yên Phụ,Quận Tây Hồ
Thị trấn,Liên Quan,Huyện Thạch Thất
Xã,Bình Phú,Huyện Thạch Thất
Xã,Bình Yên,Huyện Thạch Thất
Xã,Canh Nậu,Huyện Thạch Thất
Xã,Cẩm Yên,Huyện Thạch Thất
Xã,Cần Kiệm,Huyện Thạch Thất
Xã,Chàng Sơn,Huyện Thạch Thất
Xã,Dị Nậu,Huyện Thạch Thất
Xã,Đại Đồng,Huyện Thạch Thất
Xã,Đồng Trúc,Huyện Thạch Thất
Xã,Hạ Bằng,Huyện Thạch Thất
Xã,Hương Ngải,Huyện Thạch Thất
Xã,Hữu Bằng,Huyện Thạch Thất
Xã,Kim Quan,Huyện Thạch Thất
Xã,Lại Thượng,Huyện Thạch Thất
Xã,Phú Kim,Huyện Thạch Thất
Xã,Phú Kim,Huyện Thạch Thất
Xã,Phùng Xá,Huyện Thạch Thất
Xã,Tân Xã,Huyện Thạch Thất
Xã,Thạch Hòa,Huyện Thạch Thất
Xã,Thạch Xá,Huyện Thạch Thất
Xã,Tiến Xuân,Huyện Thạch Thất
Xã,Yên Bình,Huyện Thạch Thất
Xã,Yên Trung,Huyện Thạch Thất
Thị trấn,Kim Bài,Huyện Thanh Oai
Xã,Bích Hòa,Huyện Thanh Oai
Xã,Bình Minh,Huyện Thanh Oai
Xã,Cao Dương,Huyện Thanh Oai
Xã,Cao Viên,Huyện Thanh Oai
Xã,Cự Khê,Huyện Thanh Oai
Xã,Dân Hòa,Huyện Thanh Oai
Xã,Đỗ Động,Huyện Thanh Oai
Xã,Hồng Dương,Huyện Thanh Oai
Xã,Kim An,Huyện Thanh Oai
Xã,Kim Thư,Huyện Thanh Oai
Xã,Liên Châu,Huyện Thanh Oai
Xã,Mỹ Hưng,Huyện Thanh Oai
Xã,Phương Trung,Huyện Thanh Oai
Xã,Tam Hưng,Huyện Thanh Oai
Xã,Tân Ước,Huyện Thanh Oai
Xã,Thanh Cao,Huyện Thanh Oai
Xã,Thanh Mai,Huyện Thanh Oai
Xã,Thanh Thùy,Huyện Thanh Oai
Xã,Thanh Văn,Huyện Thanh Oai
Xã,Xuân Dương,Huyện Thanh Oai
Thị trấn,Văn Điển,Huyện Thanh Trì
Xã,Duyên Hà,Huyện Thanh Trì
Xã,Đại Áng,Huyện Thanh Trì
Xã,Đông Mỹ,Huyện Thanh Trì
Xã,Hữu Hòa,Huyện Thanh Trì
Xã,Liên Ninh,Huyện Thanh Trì
Xã,Ngọc Hồi,Huyện Thanh Trì
Xã,Ngũ Hiệp,Huyện Thanh Trì
Xã,Tả Thanh Oai,Huyện Thanh Trì
Xã,Tam Hiệp,Huyện Thanh Trì
Xã,Tân Triều,Huyện Thanh Trì
Xã,Thanh Liệt,Huyện Thanh Trì
Xã,Tứ Hiệp,Huyện Thanh Trì
Xã,Vạn Phúc,Huyện Thanh Trì
Xã,Vĩnh Quỳnh,Huyện Thanh Trì
Xã,Yên Mỹ,Huyện Thanh Trì
Phường,Hạ Đình,Quận Thanh Xuân
Phường,Khương Đình,Quận Thanh Xuân
Phường,Khương Mai,Quận Thanh Xuân
Phường,Khương Trung,Quận Thanh Xuân
Phường,Kim Giang,Quận Thanh Xuân
Phường,Nhân Chính,Quận Thanh Xuân
Phường,Phương Liệt,Quận Thanh Xuân
Phường,Thanh Xuân Bắc,Quận Thanh Xuân
Phường,Thanh Xuân Nam,Quận Thanh Xuân
Phường,Thanh Xuân Trung,Quận Thanh Xuân
Phường,Thượng Đình,Quận Thanh Xuân
Thị trấn,Thường Tí,Huyện Thường Tín
Xã,Chương Dương,Huyện Thường Tín
Xã,Dũng Tiến,Huyện Thường Tín
Xã,Duyên Thái,Huyện Thường Tín
Xã,Hà Hồi,Huyện Thường Tín
Xã,Hiền Giang,Huyện Thường Tín
Xã,Hòa Bình,Huyện Thường Tín
Xã,Khánh Hà,Huyện Thường Tín
Xã,Hồng Vân,Huyện Thường Tín
Xã,Lê Lợi,Huyện Thường Tín
Xã,Liên Phương,Huyện Thường Tín
Xã,Minh Cường,Huyện Thường Tín
Xã,Nghiêm Xuyên,Huyện Thường Tín
Xã,Nguyễn Trãi,Huyện Thường Tín
Xã,Nhị Khê,Huyện Thường Tín
Xã,Ninh Sở,Huyện Thường Tín
Xã,Quất Động,Huyện Thường Tín
Xã,Tân Minh,Huyện Thường Tín
Xã,Thắng Lợi,Huyện Thường Tín
Xã,Thống Nhất,Huyện Thường Tín
Xã,Thư Phú,Huyện Thường Tín
Xã,Tiền Phong,Huyện Thường Tín
Xã,Tô Hiệu,Huyện Thường Tín
Xã,Tự Nhiên,Huyện Thường Tín
Xã,Vạn Điểm,Huyện Thường Tín
Xã,Văn Bình,Huyện Thường Tín
Xã,Văn Phú,Huyện Thường Tín
Xã,Văn Tự,Huyện Thường Tín
Xã,Vân Tảo,Huyện Thường Tín
Thị trấn,Vân Đình,Huyện Ứng Hòa
Xã,Cao Thành,Huyện Ứng Hòa
Xã,Đại Cường,Huyện Ứng Hòa
Xã,Đại Hùng,Huyện Ứng Hòa
Xã,Đội Bình,Huyện Ứng Hòa
Xã,Đông Lỗ,Huyện Ứng Hòa
Xã,Đồng Tân,Huyện Ứng Hòa
Xã,Đồng Tiến,Huyện Ứng Hòa
Xã,Hoa Sơn,Huyện Ứng Hòa
Xã,Hòa Lâm,Huyện Ứng Hòa
Xã,Hòa Nam,Huyện Ứng Hòa
Xã,Hòa Phú,Huyện Ứng Hòa
Xã,Hòa Xá,Huyện Ứng Hòa
Xã,Hồng Quang,Huyện Ứng Hòa
Xã,Kim Đường,Huyện Ứng Hòa
Xã,Liên Bạt,Huyện Ứng Hòa
Xã,Lưu Hoàng,Huyện Ứng Hòa
Xã,Minh Đức,Huyện Ứng Hòa
Xã,Phù Lưu,Huyện Ứng Hòa
Xã,Phương Tú,Huyện Ứng Hòa
Xã,Quảng Phú Cầu,Huyện Ứng Hòa
Xã,Sơn Công,Huyện Ứng Hòa
Xã,Tảo Dương Văn,Huyện Ứng Hòa
Xã,Trầm Lộng,Huyện Ứng Hòa
Xã,Trung Tú,Huyện Ứng Hòa
Xã,Trường Thịnh,Huyện Ứng Hòa
Xã,Vạn Thái,Huyện Ứng Hòa
Xã,Viên An,Huyện Ứng Hòa
Xã,Viên Nội,Huyện Ứng Hòa
